<?xml version="1.0" encoding="UTF-8"?>
<Configuration status="WARN" monitorInterval="10">
<Properties>
    <Property name="LOG_DIR">/Users/komalsharma/Downloads/logs</Property>
</Properties>

<!-- Console Appender -->
<Appenders>
    <Console name="Console" target="SYSTEM_OUT">
        <PatternLayout pattern="%d{yyyy-MM-dd HH:mm:ss} [%t] %-5level %logger{36} - %msg%n" />
    </Console>

    <!-- File Appender -->
    <RollingFile name="File" fileName="${LOG_DIR}/application.log"
                 filePattern="${LOG_DIR}/application-%d{yyyy-MM-dd}.log.gz">
        <PatternLayout pattern="%d{yyyy-MM-dd HH:mm:ss} [%t] %-5level %logger{36} - %msg%n" />
        <Policies>
            <TimeBasedTriggeringPolicy />
        </Policies>
    </RollingFile>
</Appenders>

<!-- Loggers -->
<Loggers>
    <!-- Application-specific logging -->
    <Logger name="com.lseg.ipps.solutions.tpl.service" level="INFO" additivity="false">
        <AppenderRef ref="Console" />
        <AppenderRef ref="File" />
    </Logger>
    <logger name="org.springframework.web" level="INFO">
        <AppenderRef ref="Console" />
        <AppenderRef ref="File" />
    </logger>

    <!-- Root logger -->
    <Root level="DEBUG">
        <AppenderRef ref="Console" />
        <AppenderRef ref="File" />
    </Root>
</Loggers>
</Configuration>
