<?xml version="1.0" encoding="UTF-8"?>
<Configuration status="WARN" monitorInterval="10">
<Properties>
    <Property name="LOG_DIR">/Users/komalsharma/Downloads/logs</Property>
</Properties>

<!-- Console Appender -->
<Appenders>
    <Console name="Console" target="SYSTEM_OUT">
        <PatternLayout pattern="%d{yyyy-MM-dd HH:mm:ss} [%t] %-5level %logger{36} - %msg%n" />
    </Console>
</Appenders>

<Loggers>
            <Logger name="com.lseg.ipps.solutions.tpl.service" level="ERROR">
         <AppenderRef ref="Console" />
        </Logger>

    <!-- Root logger -->
    <Root level="INFO">
        <AppenderRef ref="Console" />
    </Root>
</Loggers>

</Configuration>